{"RMSE_loss": 30300.048828125, "R_squared": -14.730298042297363, "validation_loss": 30300.048828125, "training_duration": 1.9412224292755127, "interference_latency": 7.342100143432617e-05}