{"RMSE_loss": 12592.1767578125, "R_squared": -14.897989273071289, "validation_loss": 12592.1767578125, "training_duration": 2.031140089035034, "interference_latency": 9.785890579223633e-05}