{"RMSE_loss": 109.63097279196468, "R_squared": 0, "validation_loss": 93.56943027105594, "training_duration": 3.9312944412231445, "interference_latency": 0.0001276373863220215}