{"training_loss": 76.56832567121832, "validation_loss": 0.03860282897949219, "R_squared": 114.24863237693482, "training_duration": 2.8455779552459717, "interference_latency": 0.0001022497812906901}