{"training_loss": 106.99785519170466, "R_squared": -136.65420532226562, "validation_loss": 129.01196801314597, "training_duration": 3.9459095001220703, "interference_latency": 0.00012699365615844726}