{"training_loss": 50.311638676633514, "validation_loss": 97.10334982313947, "R_squared": 0, "training_duration": 1.887220859527588, "interference_latency": 0.0001104116439819336}