{"training_loss": 87.35346267553594, "validation_loss": 132.02865751892654, "R_squared": 0, "training_duration": 2.8991916179656982, "interference_latency": 0.00013561248779296874}