{"RMSE_loss": 175.85670880364503, "R_squared": -13.33335018157959, "validation_loss": 118.4509227222397, "training_duration": 18.956249713897705, "interference_latency": 0.00011693477630615234}