{"training_RMSE": 95.45761798266935, "validation_RMSE": 109.7392120548202, "validation_R^2": 0.39516771522864913, "validation_MAE": 61.74774980008291}