{"RMSE_loss": 101.14599210423515, "R_squared": -13.451504707336426, "validation_loss": 113.71799000158242, "training_duration": 19.455572605133057, "interference_latency": 0.00012847185134887696}