{"best hyperparameters": {"alpha": 0.1, "eta0": 0.001, "learning_rate": "adaptive", "loss": "squared_error", "max_iter": 100000, "penalty": "l2"}, "training_RMSE": 97.01249745272018, "validation_RMSE": 94.92015500189972, "validation_R^2": 0.4143658123227164, "validation_MAE": 61.311056940607344}