{"training_RMSE": 93.3613815296793, "validation_RMSE": 107.5193582038894, "validation_R^2": 0.41938985967109743, "validation_MAE": 60.99654227342132}