{"RMSE_loss": 10457.9443359375, "R_squared": -15.007303237915039, "training_duration": null, "interference_latency": null}