{"training_loss": 64.61264539788245, "validation_loss": 114.92514122652841, "R_squared": 0.43026071786880493, "validation_mae": 67.32614135742188, "training_duration": 2.7768166065216064, "interference_latency": 7.850329081217448e-05}