{"RMSE_loss": 4.964013576507568, "R_squared": -14.570209503173828, "validation_loss": 3.0483078956604004, "training_duration": 2.1378581523895264, "interference_latency": 0.00011497735977172852}