{"best hyperparameters": {"alpha": 0.1, "eta0": 0.001, "learning_rate": "constant", "loss": "squared_error", "max_iter": 10000, "penalty": "l2"}, "validation_RMSE": 100.00863672962426, "R^2": 0.32842877203449694, "MAE": 66.77573466721051}