{"training_RMSE": 95.78525426992445, "validation_RMSE": 95.83749191391435, "validation_R^2": 0.44139519857728216, "validation_MAE": 59.40675260167151}