{"best hyperparameters": {"alpha": 0.01, "eta0": 0.001, "learning_rate": "adaptive", "loss": "squared_error", "max_iter": 10000, "penalty": "l2"}, "validation_RMSE": 97.64829322707507, "test_RMSE": 90.2217526477957, "test_R^2": 0.43085261800473196, "test_MAE": 56.741587009331695}