{"best hyperparameters": {"alpha": 0.1, "loss": "squared_error", "max_iter": 10000, "penalty": "l2"}, "validation_RMSE": 15557.684977618019, "R^2": 0.41184074715093055, "MAE": 81.06255778991142}