{"best hyperparameters": {"alpha": 0.001, "eta0": 0.001, "learning_rate": "constant", "loss": "squared_error", "max_iter": 100000, "penalty": "l1"}, "training_RMSE": 96.17448930996237, "validation_RMSE": 98.43553476211636, "validation_R^2": 0.4678928518643196, "validation_MAE": 61.33237247612076}