{"training_RMSE": 97.90885983609343, "validation_RMSE": 93.80504485110464, "validation_R^2": 0.3447194690688592, "validation_MAE": 60.28072676417131}