{"best hyperparameters": {"alpha": 0.1, "loss": "squared_error", "max_iter": 10000, "penalty": "elasticnet"}, "validation_RMSE": 11385.530838296692, "R^2": 0.3581696180813384, "MAE": 62.72497829057428}