{"best hyperparameters": {"alpha": 0.01, "eta0": 0.01, "learning_rate": "adaptive", "loss": "epsilon_insensitive", "max_iter": 100000, "penalty": "l2"}, "training_RMSE": 0.4964041934175065, "validation_RMSE": 127.63749867299315, "validation_R^2": 0.25665584835493005, "validation_MAE": 71.35979268346624}