{"training_loss": 118.57802102545185, "validation_loss": 107.55614903534106, "R_squared": 0, "training_duration": 2.8003549575805664, "interference_latency": 8.653004964192708e-05}