{"RMSE_loss": 11147.1953125, "R_squared": -15.463638305664062, "training_duration": 0.9740016460418701, "interference_latency": 7.803440093994141e-05}