{"training_loss": 55.70144632814192, "validation_loss": 0, "R_squared": 121.56772562675712, "training_duration": 2.9096527099609375, "interference_latency": 0.00010169347127278646}