{"training_loss": 113.3941807782701, "validation_loss": 0, "R_squared": 141.36861032200537, "training_duration": 2.788823366165161, "interference_latency": 9.435017903645834e-05}