{"training_loss": 58.18473702825231, "validation_loss": 97.92885950238316, "R_squared": 0, "training_duration": 2.8540728092193604, "interference_latency": 0.00010182062784830729}