{"best hyperparameters": {"max_depth": null, "min_samples_leaf": 4, "min_samples_split": 2, "n_estimators": 50}, "training_RMSE": 165.6716320485396, "validation_RMSE": 180.1547982910366, "validation_R^2": 0.20887655698016183, "validation_MAE": 128.7922179864435}