{"RMSE_loss": 106.55395401948958, "R_squared": -13.017901420593262, "validation_loss": 100.79467933781277, "training_duration": 18.492470264434814, "interference_latency": 8.864164352416993e-05}