{"training_loss": 148.20925214666931, "validation_loss": 88.50765768423656, "R_squared": 0, "training_duration": 2.9092483520507812, "interference_latency": 7.521311442057291e-05}