{"RMSE_loss": 14757.763671875, "R_squared": -13.044693946838379, "validation_loss": 10300.47265625, "training_duration": 19.23509430885315, "interference_latency": 0.00012813329696655272}