{"training_loss": 83.094287676899, "validation_loss": 156.9365977174381, "R_squared": 0, "training_duration": 2.8103151321411133, "interference_latency": 8.66254170735677e-05}