{"RMSE_loss": 20196.146484375, "R_squared": -14.14345645904541, "training_duration": 1.9506351947784424, "interference_latency": 6.839036941528321e-05}