{"training_loss": 116.89940420346461, "validation_loss": 115.78059632069184, "R_squared": 0, "training_duration": 2.9183971881866455, "interference_latency": 0.00012154579162597657}