{"training_loss": 200.47611297857907, "validation_loss": 124.97402464487371, "R_squared": 0.0755956768989563, "training_duration": 2.82314395904541, "interference_latency": 9.182294209798177e-05}