{"RMSE_loss": 118.4610505939083, "R_squared": -13.008797645568848, "validation_loss": 110.72420516479222, "training_duration": 20.01238512992859, "interference_latency": 0.0001238226890563965}