{"training_loss": 99.76130203045919, "validation_loss": 78.9114385670338, "R_squared": 0.48512959480285645, "training_duration": 2.8210415840148926, "interference_latency": 8.301734924316406e-05}