{"best hyperparameters": {"learning_rate": 0.01, "max_depth": 10, "min_samples_leaf": 4, "min_samples_split": 2, "n_estimators": 100}, "validation_RMSE": 7254.696094328928, "R^2": 0.5910349345096015, "MAE": 46.50488805654908}