{"training_RMSE": 100.58761800370772, "validation_RMSE": 107.3650365793853, "validation_R^2": 0.29893297901373894, "validation_MAE": 66.45573246582988}