{"training_RMSE": 96.05475376069062, "validation_RMSE": 101.03467505201374, "validation_R^2": 0.23982116810527665, "validation_MAE": 65.5248652031658}