{"training_loss": 93.14207058306144, "validation_loss": 85.82707393995061, "R_squared": 0.43733322620391846, "validation_mae": 65.34931945800781, "training_duration": 1.7551486492156982, "interference_latency": 5.7586034138997395e-05}