{"training_loss": 71.73650719712906, "validation_loss": 123.00457705533766, "R_squared": 0.04749429225921631, "training_duration": 2.8968029022216797, "interference_latency": 9.902318318684895e-05}