{"training_loss": 67.84877701896144, "validation_loss": 107.94613095197067, "R_squared": 0, "training_duration": 2.7712931632995605, "interference_latency": 8.118947347005209e-05}