{"training_RMSE": 92.94489838322802, "validation_RMSE": 104.50983801697753, "validation_R^2": 0.45143810212653634, "validation_MAE": 60.447158582929376}