{"RMSE_loss": 7817.29150390625, "R_squared": -14.07973861694336, "validation_loss": null, "training_duration": 1.9183015823364258, "interference_latency": 7.31825828552246e-05}