{"training_loss": 83.86718422508144, "validation_loss": 128.35722856543765, "R_squared": 