{"best hyperparameters": {"ccp_alpha": 0.1, "max_depth": 5, "max_features": "log2", "min_samples_leaf": 4, "min_samples_split": 5}, "training_RMSE": 100.28886065835495, "validation_RMSE": 107.97950236434772, "validation_R^2": 0.24213441241249734, "validation_MAE": 69.33207953810046}