{"training_RMSE": 99.59757993176667, "validation_RMSE": 122.74689535104235, "validation_R^2": 0.24328503576812877, "validation_MAE": 70.188860249435}