{"training_loss": 71.58612805892459, "validation_loss": 136.98949263994666, "R_squared": 