{"training_loss": 121.93420837433193, "validation_loss": 0, "R_squared": 100.86825701595869, "training_duration": 2.8252320289611816, "interference_latency": 9.187062581380208e-05}