{"RMSE_loss": 8344.4052734375, "R_squared": -16.487810134887695, "validation_loss": 