{"RMSE_loss": 4904.3310546875, "R_squared": -13.534990310668945, "validation_loss": 7993.171875, "training_duration": 20.383331537246704, "interference_latency": 0.0001324152946472168}