{"best hyperparameters": {"max_depth": 10, "min_samples_leaf": 4, "min_samples_split": 10, "n_estimators": 50}, "validation_RMSE": 9242.401207032437, "R^2": 0.47898310752434103, "MAE": 50.42551412732299}