{"best hyperparameters": {"max_depth": null, "min_samples_leaf": 4, "min_samples_split": 2, "n_estimators": 50}, "training_RMSE": 95.76213842920097, "validation_RMSE": 96.5439952902588, "validation_R^2": 0.48814633444763567, "validation_MAE": 59.37904851125472}