{"best hyperparameters": {"max_depth": 20, "min_samples_leaf": 2, "min_samples_split": 5, "n_estimators": 50}, "validation_RMSE": 55.192854493388154, "test_RMSE": 56.03986288862495, "test_R^2": 0.8148142126445526, "test_MAE": 36.2603975279818}