{"best hyperparameters": {"max_depth": 10, "min_samples_leaf": 2, "min_samples_split": 10, "n_estimators": 50}, "validation_RMSE": 6665.708247393561, "R^2": 0.6334984754713762, "MAE": 47.9074751024784}