{"training_RMSE": 97.14837712856556, "validation_RMSE": 100.95660441324041, "validation_R^2": 0.24099551181762358, "validation_MAE": 64.09710533661095}