{"best hyperparameters": {"max_depth": 10, "min_samples_leaf": 2, "min_samples_split": 10, "n_estimators": 100}, "validation_RMSE": 56.90921838980004, "R^2": 0.6743036836072487, "MAE": 37.48280807908674}