{"best hyperparameters": {"max_depth": null, "min_samples_leaf": 4, "min_samples_split": 10, "n_estimators": 100}, "validation_RMSE": 72.19691981201636, "test_RMSE": 63.92190820149748, "test_R^2": 0.6471479651977297, "test_MAE": 41.20960349393829}