{"best hyperparameters": {"max_depth": null, "min_samples_leaf": 2, "min_samples_split": 5, "n_estimators": 10}, "validation_RMSE": 96.70791155963403, "test_RMSE": 61.07283748428939, "test_R^2": 0.7392055050474033, "test_MAE": 36.187715234204}