{"training_RMSE": 96.02995122811707, "validation_RMSE": 98.60616196611764, "validation_R^2": 0.4086536842805425, "validation_MAE": 62.87713563721943}