{"best hyperparameters": {"max_depth": null, "min_samples_leaf": 4, "min_samples_split": 10, "n_estimators": 100}, "validation_RMSE": 89.00565002352019, "R^2": 0.4985423172772059, "MAE": 48.520810871524056}