{"training_loss": 89.78876034546306, "validation_loss": 101.35744684654404, "R_squared": 0, "training_duration": 2.8537721633911133, "interference_latency": 9.749730428059896e-05}