{"best hyperparameters": {"learning_rate": 0.01, "max_depth": null, "min_samples_leaf": 4, "min_samples_split": 2, "n_estimators": 100}, "training_RMSE": 51.3625823481333, "validation_RMSE": 47.36487629217744, "validation_R^2": 0.19299041301137276, "validation_MAE": 38.28527548293765}