{"best hyperparameters": {"max_depth": 10, "min_samples_leaf": 4, "min_samples_split": 5, "n_estimators": 50}, "training_RMSE": 49.197405794978486, "validation_RMSE": 45.10490641977273, "validation_R^2": 0.2681645352902121, "validation_MAE": 35.97423038130517}