{"training_loss": 68.28413895490299, "validation_loss": 111.50268879885812, "R_squared": 0, "training_duration": 2.8532936573028564, "interference_latency": 8.676846822102865e-05}