{"training_loss": 202.67088661485153, "validation_loss": 0, "R_squared": 129.90871193842236, "training_duration": 2.8666839599609375, "interference_latency": 9.42071278889974e-05}