{"training_accuracy": 0.4017153097798259, "validation_accuracy": 0.3782771535580524, "validation_precision": 0.4034023699877358, "validation_recall": 0.37538893286837816, "validation_f1": 0.36977359376272967}