{"training_loss": 101.43841939663443, "validation_loss": 96.91826654777209, "R_squared": 0.26360583305358887, "training_duration": 2.870924949645996, "interference_latency": 0.00010209083557128906}