{"RMSE_loss": 149.81413615084858, "R_squared": 0, "validation_loss": 135.3990196834896, "training_duration": 3.697011709213257, "interference_latency": 9.686946868896485e-05}