{"RMSE_loss": 32656.9140625, "R_squared": -14.05229663848877, "validation_loss": 15421.5537109375, "training_duration": 4.939751386642456, "interference_latency": 0.00010931015014648438}