{"best hyperparameters": {"ccp_alpha": 0.1, "max_depth": 5, "max_features": "log2", "min_samples_leaf": 4, "min_samples_split": 10}, "training_RMSE": 158.71445440448878, "validation_RMSE": 202.69915181224775, "validation_R^2": -0.001512673359916894, "validation_MAE": 158.5868312757202}