{"training_loss": 54.88220918262698, "validation_loss": 82.28465324807689, "R_squared": 0, "training_duration": 1.8327968120574951, "interference_latency": 0.00010960102081298828}