{"training_loss": 186.89703047400192, "validation_loss": 134.23086746814238, "R_squared": -132.88052368164062, "training_duration": 2.8331923484802246, "interference_latency": 0.00010962486267089844}