{"RMSE_loss": 113.2568766882943, "R_squared": -13.28305435180664, "validation_loss": 160.04897321796537, "training_duration": 19.09030795097351, "interference_latency": 0.00012173891067504883}