{"training_accuracy": 0.3936251920122888, "validation_accuracy": 0.4157303370786517, "validation_precision": 0.4348929539295393, "validation_recall": 0.4148219977613943, "validation_f1": 0.38657355455252085}