{"RMSE_loss": 264.6616944327229, "R_squared": -13.637484550476074, "validation_loss": 45.10627911960401, "training_duration": 18.554698944091797, "interference_latency": 0.0002837085723876953}