{"RMSE_loss": 58188.453125, "R_squared": -15.73025131225586, "validation_loss": 20666.068359375, "training_duration": 20.345175981521606, "interference_latency": 0.0001275038719177246}