{"training_loss": 42.21964920859569, "validation_loss": 110.8551939398308, "R_squared": 0, "training_duration": 5.64368462562561, "interference_latency": 0.00012576580047607422}