{"training_loss": 141.22308925066042, "validation_loss": 127.66501652885374, "R_squared": -138.08982849121094, "training_duration": 5.86904239654541, "interference_latency": 0.0001255353291829427}