{"training_RMSE": 98.81191552669188, "validation_RMSE": 114.21803766295662, "validation_R^2": 0.2065799446969938, "validation_MAE": 71.16648140916267}