{"training_RMSE": 104.36854307865208, "validation_RMSE": 107.91956963271305, "validation_R^2": 0.13268814339952517, "validation_MAE": 65.76234703890576}