{"training_loss": 126.4934456676511, "validation_loss": 87.01646530614192, "R_squared": 0, "training_duration": 2.8889307975769043, "interference_latency": 0.00011804898579915364}