{"best hyperparameters": {"C": 10.0, "class_weight": null, "max_iter": 200, "penalty": "l1", "solver": "saga"}, "Precision": [0.5263157894736842, 0.5, 0.37142857142857144, 0.47368421052631576, 0.5128205128205128], "Recall": [0.45454545454545453, 0.5238095238095238, 0.5, 0.2903225806451613, 0.5882352941176471], "Accuracy": 0.4701492537313433}