{"training_accuracy": 0.40488991295442905, "validation_accuracy": 0.39325842696629215, "validation_precision": 0.43053590088072846, "validation_recall": 0.38269092978139063, "validation_f1": 0.35906157209941264}