{"RMSE_loss": 79.4348169049237, "R_squared": 0, "validation_loss": 116.4337341715235, "training_duration": 4.3127264976501465, "interference_latency": 0.0001165628433227539}