{"training_loss": 83.42833517082191, "validation_loss": 95.74439543812734, "R_squared": -134.20166015625, "training_duration": 2.9302520751953125, "interference_latency": 0.0001030127207438151}