{"training_loss": 78.29466576657697, "validation_loss": 116.68143228733953, "R_squared": 0, "training_duration": 2.8289718627929688, "interference_latency": 9.53356424967448e-05}