{"RMSE_loss": 6423.26953125, "R_squared": -19.719947814941406, "validation_loss": 15060.0458984375, "training_duration": 1.9751813411712646, "interference_latency": 8.893013000488281e-05}