{"training_loss": 272.9676320097311, "validation_loss": 125.7205598925152, "R_squared": 