{"training_accuracy": 0.35842293906810035, "validation_accuracy": 0.34831460674157305, "validation_precision": 0.35294205476143425, "validation_recall": 0.34648035229818647, "validation_f1": 0.3427212239870955}