{"best hyperparameters": {"class_weight": null, "max_depth": 10, "min_samples_leaf": 4, "min_samples_split": 10, "n_estimators": 50}, "Precision": [0.8125, 0.8, 0.6129032258064516, 0.8947368421052632, 0.6744186046511628], "Recall": [0.5909090909090909, 0.9523809523809523, 0.7307692307692307, 0.5483870967741935, 0.8529411764705882], "Accuracy": 0.7313432835820896}